paper_id,title,year,arxiv_id,source_url,tier,source_file,paper_path,modality,task,evidence_level,code_id,code_repo_url,code_commit,code_link_status,link_confidence,citation_key,notes
arxiv_2409.19638,BadHMP Backdoor Attack against Human Motion Prediction,2024,2409.19638,https://arxiv.org/abs/2409.19638,long_tail,arxiv_2409.19638_BadHMP_Backdoor_Attack_against_Human_Motion_Prediction.pdf,corpus\papers\all\arxiv_2409.19638_BadHMP_Backdoor_Attack_against_Human_Motion_Prediction.pdf,,,,,,,,,arxiv2409.19638,
arxiv_2410.08559,Learning General Representation of 12-Lead Electrocardiogram with a Joint-Embedding Predictive Architecture,2024,2410.08559,https://arxiv.org/abs/2410.08559,long_tail,arxiv_2410.08559_Learning_General_Representation_of_12-Lead_Electrocardiogram_with_a_Joint-Embedding_Predictive_Architecture.pdf,corpus\papers\all\arxiv_2410.08559_Learning_General_Representation_of_12-Lead_Electrocardiogram_with_a_Joint-Embedding_Predictive_Architecture.pdf,clinical,representation learning,primary,,,,,,arxiv2410.08559,
arxiv_2501.04969,Self-Supervised Representation Learning with Joint Embedding Predictive Architecture for Automotive LiDAR Object Detecti,2025,2501.04969,https://arxiv.org/abs/2501.04969,long_tail,arxiv_2501.04969_Self-Supervised_Representation_Learning_with_Joint_Embedding_Predictive_Architecture_for_Automotive_LiDAR_Object_Detecti.pdf,corpus\papers\all\arxiv_2501.04969_Self-Supervised_Representation_Learning_with_Joint_Embedding_Predictive_Architecture_for_Automotive_LiDAR_Object_Detecti.pdf,,,,,,,,,arxiv2501.04969,
arxiv_2501.14266,TrajFlow A Generative Framework for Occupancy Density Estimation Using Normalizing Flows,2025,2501.14266,https://arxiv.org/abs/2501.14266,long_tail,arxiv_2501.14266_TrajFlow_A_Generative_Framework_for_Occupancy_Density_Estimation_Using_Normalizing_Flows.pdf,corpus\papers\all\arxiv_2501.14266_TrajFlow_A_Generative_Framework_for_Occupancy_Density_Estimation_Using_Normalizing_Flows.pdf,,,,,,,,,arxiv2501.14266,
arxiv_2501.14622,ACT-JEPA Novel Joint-Embedding Predictive Architecture for Efficient Policy Representation Learning,2025,2501.14622,https://arxiv.org/abs/2501.14622,long_tail,arxiv_2501.14622_ACT-JEPA_Novel_Joint-Embedding_Predictive_Architecture_for_Efficient_Policy_Representation_Learning.pdf,corpus\papers\all\arxiv_2501.14622_ACT-JEPA_Novel_Joint-Embedding_Predictive_Architecture_for_Efficient_Policy_Representation_Learning.pdf,robotics,policy learning,primary,,,,,,arxiv2501.14622,
arxiv_2502.01684,Predict Cluster Refine A Joint Embedding Predictive Self-Supervised Framework for Graph Representation Learning,2025,2502.01684,https://arxiv.org/abs/2502.01684,long_tail,arxiv_2502.01684_Predict_Cluster_Refine_A_Joint_Embedding_Predictive_Self-Supervised_Framework_for_Graph_Representation_Learning.pdf,corpus\papers\all\arxiv_2502.01684_Predict_Cluster_Refine_A_Joint_Embedding_Predictive_Self-Supervised_Framework_for_Graph_Representation_Learning.pdf,,,,,,,,,arxiv2502.01684,
arxiv_2502.05857,EgoAgent A Joint Predictive Agent Model in Egocentric Worlds,2025,2502.05857,https://arxiv.org/abs/2502.05857,long_tail,arxiv_2502.05857_EgoAgent_A_Joint_Predictive_Agent_Model_in_Egocentric_Worlds.pdf,corpus\papers\all\arxiv_2502.05857_EgoAgent_A_Joint_Predictive_Agent_Model_in_Egocentric_Worlds.pdf,,,,,,,,,arxiv2502.05857,
arxiv_2502.14819,Learning from Reward-Free Offline Data A Case for Planning with Latent Dynamics Models,2025,2502.14819,https://arxiv.org/abs/2502.14819,long_tail,arxiv_2502.14819_Learning_from_Reward-Free_Offline_Data_A_Case_for_Planning_with_Latent_Dynamics_Models.pdf,corpus\papers\all\arxiv_2502.14819_Learning_from_Reward-Free_Offline_Data_A_Case_for_Planning_with_Latent_Dynamics_Models.pdf,,,,,,,,,arxiv2502.14819,
arxiv_2502.18056,Escaping The Big Data Paradigm in Self-Supervised Representation Learning,2025,2502.18056,https://arxiv.org/abs/2502.18056,long_tail,arxiv_2502.18056_Escaping_The_Big_Data_Paradigm_in_Self-Supervised_Representation_Learning.pdf,corpus\papers\all\arxiv_2502.18056_Escaping_The_Big_Data_Paradigm_in_Self-Supervised_Representation_Learning.pdf,vision,representation analysis,analysis,,,,,,arxiv2502.18056,
arxiv_2504.01928,Is the Reversal Curse a Binding Problem Uncovering Limitations of Transformers from a Basic Generalization Failure,2025,2504.01928,https://arxiv.org/abs/2504.01928,long_tail,arxiv_2504.01928_Is_the_Reversal_Curse_a_Binding_Problem_Uncovering_Limitations_of_Transformers_from_a_Basic_Generalization_Failure.pdf,corpus\papers\all\arxiv_2504.01928_Is_the_Reversal_Curse_a_Binding_Problem_Uncovering_Limitations_of_Transformers_from_a_Basic_Generalization_Failure.pdf,,,,,,,,,arxiv2504.01928,
arxiv_2504.10512,JEPA4Rec Learning Effective Language Representations for Sequential Recommendation via Joint Embedding Predictive Archit,2025,2504.10512,https://arxiv.org/abs/2504.10512,long_tail,arxiv_2504.10512_JEPA4Rec_Learning_Effective_Language_Representations_for_Sequential_Recommendation_via_Joint_Embedding_Predictive_Archit.pdf,corpus\papers\all\arxiv_2504.10512_JEPA4Rec_Learning_Effective_Language_Representations_for_Sequential_Recommendation_via_Joint_Embedding_Predictive_Archit.pdf,language,recommendation,primary,,,,,,arxiv2504.10512,
arxiv_2505.03176,seq-JEPA Autoregressive Predictive Learning of Invariant-Equivariant World Models,2025,2505.03176,https://arxiv.org/abs/2505.03176,long_tail,arxiv_2505.03176_seq-JEPA_Autoregressive_Predictive_Learning_of_Invariant-Equivariant_World_Models.pdf,corpus\papers\all\arxiv_2505.03176_seq-JEPA_Autoregressive_Predictive_Learning_of_Invariant-Equivariant_World_Models.pdf,vision,world model,primary,,,,,,arxiv2505.03176,
arxiv_2507.03633,From Video to EEG Adapting Joint Embedding Predictive Architecture to Uncover Visual Concepts in Brain Signal Analysis,2025,2507.03633,https://arxiv.org/abs/2507.03633,long_tail,arxiv_2507.03633_From_Video_to_EEG_Adapting_Joint_Embedding_Predictive_Architecture_to_Uncover_Visual_Concepts_in_Brain_Signal_Analysis.pdf,corpus\papers\all\arxiv_2507.03633_From_Video_to_EEG_Adapting_Joint_Embedding_Predictive_Architecture_to_Uncover_Visual_Concepts_in_Brain_Signal_Analysis.pdf,eeg,representation learning,primary,,,,,,arxiv2507.03633,
arxiv_2507.03927,MCST-Mamba Multivariate Mamba-Based Model for Traffic Prediction,2025,2507.03927,https://arxiv.org/abs/2507.03927,long_tail,arxiv_2507.03927_MCST-Mamba_Multivariate_Mamba-Based_Model_for_Traffic_Prediction.pdf,corpus\papers\all\arxiv_2507.03927_MCST-Mamba_Multivariate_Mamba-Based_Model_for_Traffic_Prediction.pdf,,,,,,,,,arxiv2507.03927,
arxiv_2507.15216,Improving Joint Embedding Predictive Architecture with Diffusion Noise,2025,2507.15216,https://arxiv.org/abs/2507.15216,long_tail,arxiv_2507.15216_Improving_Joint_Embedding_Predictive_Architecture_with_Diffusion_Noise.pdf,corpus\papers\all\arxiv_2507.15216_Improving_Joint_Embedding_Predictive_Architecture_with_Diffusion_Noise.pdf,vision,representation learning,primary,,,,,,arxiv2507.15216,
arxiv_2507.19119,PatchTraj Unified Time-Frequency Representation Learning via Dynamic Patches for Trajectory Prediction,2025,2507.19119,https://arxiv.org/abs/2507.19119,long_tail,arxiv_2507.19119_PatchTraj_Unified_Time-Frequency_Representation_Learning_via_Dynamic_Patches_for_Trajectory_Prediction.pdf,corpus\papers\all\arxiv_2507.19119_PatchTraj_Unified_Time-Frequency_Representation_Learning_via_Dynamic_Patches_for_Trajectory_Prediction.pdf,,,,,,,,,arxiv2507.19119,
arxiv_2507.20491,Speaking in Words Thinking in Logic A Dual-Process Framework in QA Systems,2025,2507.20491,https://arxiv.org/abs/2507.20491,long_tail,arxiv_2507.20491_Speaking_in_Words_Thinking_in_Logic_A_Dual-Process_Framework_in_QA_Systems.pdf,corpus\papers\all\arxiv_2507.20491_Speaking_in_Words_Thinking_in_Logic_A_Dual-Process_Framework_in_QA_Systems.pdf,,,,,,,,,arxiv2507.20491,
arxiv_2508.00447,CLIPTime Time-Aware Multimodal Representation Learning from Images and Text,2025,2508.00447,https://arxiv.org/abs/2508.00447,long_tail,arxiv_2508.00447_CLIPTime_Time-Aware_Multimodal_Representation_Learning_from_Images_and_Text.pdf,corpus\papers\all\arxiv_2508.00447_CLIPTime_Time-Aware_Multimodal_Representation_Learning_from_Images_and_Text.pdf,,,,,,,,,arxiv2508.00447,
arxiv_2508.02829,Elucidating the Role of Feature Normalization in IJEPA,2025,2508.02829,https://arxiv.org/abs/2508.02829,long_tail,arxiv_2508.02829_Elucidating_the_Role_of_Feature_Normalization_in_IJEPA.pdf,corpus\papers\all\arxiv_2508.02829_Elucidating_the_Role_of_Feature_Normalization_in_IJEPA.pdf,vision,feature normalization analysis for i-jepa,analysis,,,,,,arxiv2508.02829,
arxiv_2508.10489,Learning State-Space Models of Dynamic Systems from Arbitrary Data using Joint Embedding Predictive Architectures,2025,2508.10489,https://arxiv.org/abs/2508.10489,long_tail,arxiv_2508.10489_Learning_State-Space_Models_of_Dynamic_Systems_from_Arbitrary_Data_using_Joint_Embedding_Predictive_Architectures.pdf,corpus\papers\all\arxiv_2508.10489_Learning_State-Space_Models_of_Dynamic_Systems_from_Arbitrary_Data_using_Joint_Embedding_Predictive_Architectures.pdf,,,,,,,,,arxiv2508.10489,
arxiv_2509.04254,MuMTAffect A Multimodal Multitask Affective Framework for Personality and Emotion Recognition from Physiological Signals,2025,2509.04254,https://arxiv.org/abs/2509.04254,long_tail,arxiv_2509.04254_MuMTAffect_A_Multimodal_Multitask_Affective_Framework_for_Personality_and_Emotion_Recognition_from_Physiological_Signals.pdf,corpus\papers\all\arxiv_2509.04254_MuMTAffect_A_Multimodal_Multitask_Affective_Framework_for_Personality_and_Emotion_Recognition_from_Physiological_Signals.pdf,,,,,,,,,arxiv2509.04254,
arxiv_2509.12249,Why and How Auxiliary Tasks Improve JEPA Representations,2025,2509.12249,https://arxiv.org/abs/2509.12249,long_tail,arxiv_2509.12249_Why_and_How_Auxiliary_Tasks_Improve_JEPA_Representations.pdf,corpus\papers\all\arxiv_2509.12249_Why_and_How_Auxiliary_Tasks_Improve_JEPA_Representations.pdf,vision,auxiliary objective ablation for jepa representations,analysis,,,,,,arxiv2509.12249,
arxiv_2509.14252,LLM-JEPA Large Language Models Meet Joint Embedding Predictive Architectures,2025,2509.14252,https://arxiv.org/abs/2509.14252,long_tail,arxiv_2509.14252_LLM-JEPA_Large_Language_Models_Meet_Joint_Embedding_Predictive_Architectures.pdf,corpus\papers\all\arxiv_2509.14252_LLM-JEPA_Large_Language_Models_Meet_Joint_Embedding_Predictive_Architectures.pdf,language,representation learning,primary,,,,,,arxiv2509.14252,
arxiv_2509.15470,Self-supervised learning of imaging and clinical signatures using a multimodal joint-embedding predictive architecture,2025,2509.15470,https://arxiv.org/abs/2509.15470,long_tail,arxiv_2509.15470_Self-supervised_learning_of_imaging_and_clinical_signatures_using_a_multimodal_joint-embedding_predictive_architecture.pdf,corpus\papers\all\arxiv_2509.15470_Self-supervised_learning_of_imaging_and_clinical_signatures_using_a_multimodal_joint-embedding_predictive_architecture.pdf,multimodal,multimodal imaging and clinical representation learning,primary,,,,,,arxiv2509.15470,
arxiv_2509.16197,MANZANO A Simple and Scalable Unified Multimodal Model with a Hybrid Vision Tokenizer,2025,2509.16197,https://arxiv.org/abs/2509.16197,long_tail,arxiv_2509.16197_MANZANO_A_Simple_and_Scalable_Unified_Multimodal_Model_with_a_Hybrid_Vision_Tokenizer.pdf,corpus\papers\all\arxiv_2509.16197_MANZANO_A_Simple_and_Scalable_Unified_Multimodal_Model_with_a_Hybrid_Vision_Tokenizer.pdf,,,,,,,,,arxiv2509.16197,
arxiv_2509.23238,WavJEPA Semantic learning unlocks robust audio foundation models for raw waveforms,2025,2509.23238,https://arxiv.org/abs/2509.23238,long_tail,arxiv_2509.23238_WavJEPA_Semantic_learning_unlocks_robust_audio_foundation_models_for_raw_waveforms.pdf,corpus\papers\all\arxiv_2509.23238_WavJEPA_Semantic_learning_unlocks_robust_audio_foundation_models_for_raw_waveforms.pdf,audio,audio foundation model representation learning,primary,,,,,,arxiv2509.23238,
arxiv_2509.24317,Rethinking JEPA Compute-Efficient Video SSL with Frozen Teachers,2025,2509.24317,https://arxiv.org/abs/2509.24317,long_tail,arxiv_2509.24317_Rethinking_JEPA_Compute-Efficient_Video_SSL_with_Frozen_Teachers.pdf,corpus\papers\all\arxiv_2509.24317_Rethinking_JEPA_Compute-Efficient_Video_SSL_with_Frozen_Teachers.pdf,video,representation learning,analysis,,,,,,arxiv2509.24317,
arxiv_2509.25449,Joint Embeddings Go Temporal,2025,2509.25449,https://arxiv.org/abs/2509.25449,long_tail,arxiv_2509.25449_Joint_Embeddings_Go_Temporal.pdf,corpus\papers\all\arxiv_2509.25449_Joint_Embeddings_Go_Temporal.pdf,time-series,representation learning,primary,,,,,,arxiv2509.25449,
arxiv_2510.00974,JEPA-T Joint-Embedding Predictive Architecture with Text Fusion for Image Generation,2025,2510.00974,https://arxiv.org/abs/2510.00974,long_tail,arxiv_2510.00974_JEPA-T_Joint-Embedding_Predictive_Architecture_with_Text_Fusion_for_Image_Generation.pdf,corpus\papers\all\arxiv_2510.00974_JEPA-T_Joint-Embedding_Predictive_Architecture_with_Text_Fusion_for_Image_Generation.pdf,multimodal,generation,primary,,,,,,arxiv2510.00974,
arxiv_2510.05949,Gaussian Embeddings How JEPAs Secretly Learn Your Data Density,2025,2510.05949,https://arxiv.org/abs/2510.05949,long_tail,arxiv_2510.05949_Gaussian_Embeddings_How_JEPAs_Secretly_Learn_Your_Data_Density.pdf,corpus\papers\all\arxiv_2510.05949_Gaussian_Embeddings_How_JEPAs_Secretly_Learn_Your_Data_Density.pdf,vision,representation analysis,analysis,,,,,,arxiv2510.05949,
arxiv_2510.15673,Valeo Near-Field a novel dataset for pedestrian intent detection,2025,2510.15673,https://arxiv.org/abs/2510.15673,long_tail,arxiv_2510.15673_Valeo_Near-Field_a_novel_dataset_for_pedestrian_intent_detection.pdf,corpus\papers\all\arxiv_2510.15673_Valeo_Near-Field_a_novel_dataset_for_pedestrian_intent_detection.pdf,,,,,,,,,arxiv2510.15673,
arxiv_2510.17038,DINO-CVA A Multimodal Goal-Conditioned Vision-to-Action Model for Autonomous Catheter Navigation,2025,2510.17038,https://arxiv.org/abs/2510.17038,long_tail,arxiv_2510.17038_DINO-CVA_A_Multimodal_Goal-Conditioned_Vision-to-Action_Model_for_Autonomous_Catheter_Navigation.pdf,corpus\papers\all\arxiv_2510.17038_DINO-CVA_A_Multimodal_Goal-Conditioned_Vision-to-Action_Model_for_Autonomous_Catheter_Navigation.pdf,,,,,,,,,arxiv2510.17038,
arxiv_2510.20769,CSU-PCAST A Dual-Branch Transformer Framework for medium-range ensemble Precipitation Forecasting,2025,2510.20769,https://arxiv.org/abs/2510.20769,long_tail,arxiv_2510.20769_CSU-PCAST_A_Dual-Branch_Transformer_Framework_for_medium-range_ensemble_Precipitation_Forecasting.pdf,corpus\papers\all\arxiv_2510.20769_CSU-PCAST_A_Dual-Branch_Transformer_Framework_for_medium-range_ensemble_Precipitation_Forecasting.pdf,,,,,,,,,arxiv2510.20769,
arxiv_2510.21840,Improving the Physics of Video Generation with VJEPA-2 Reward Signal,2025,2510.21840,https://arxiv.org/abs/2510.21840,long_tail,arxiv_2510.21840_Improving_the_Physics_of_Video_Generation_with_VJEPA-2_Reward_Signal.pdf,corpus\papers\all\arxiv_2510.21840_Improving_the_Physics_of_Video_Generation_with_VJEPA-2_Reward_Signal.pdf,video,generation,primary,,,,,,arxiv2510.21840,
arxiv_2511.08544,LeJEPA Provable and Scalable Self-Supervised Learning Without the Heuristics,2025,2511.08544,https://arxiv.org/abs/2511.08544,long_tail,arxiv_2511.08544_LeJEPA_Provable_and_Scalable_Self-Supervised_Learning_Without_the_Heuristics.pdf,corpus\papers\all\arxiv_2511.08544_LeJEPA_Provable_and_Scalable_Self-Supervised_Learning_Without_the_Heuristics.pdf,vision,representation learning,primary,,,,,,arxiv2511.08544,
arxiv_2511.08939,TransactionGPT,2025,2511.08939,https://arxiv.org/abs/2511.08939,long_tail,arxiv_2511.08939_TransactionGPT.pdf,corpus\papers\all\arxiv_2511.08939_TransactionGPT.pdf,,,,,,,,,arxiv2511.08939,
arxiv_2511.09783,Koopman Invariants as Drivers of Emergent Time-Series Clustering in Joint-Embedding Predictive Architectures,2025,2511.09783,https://arxiv.org/abs/2511.09783,long_tail,arxiv_2511.09783_Koopman_Invariants_as_Drivers_of_Emergent_Time-Series_Clustering_in_Joint-Embedding_Predictive_Architectures.pdf,corpus\papers\all\arxiv_2511.09783_Koopman_Invariants_as_Drivers_of_Emergent_Time-Series_Clustering_in_Joint-Embedding_Predictive_Architectures.pdf,,,,,,,,,arxiv2511.09783,
arxiv_2511.10878,Multi-Joint Physics-Informed Deep Learning Framework for Time-Efficient Inverse Dynamics,2025,2511.10878,https://arxiv.org/abs/2511.10878,long_tail,arxiv_2511.10878_Multi-Joint_Physics-Informed_Deep_Learning_Framework_for_Time-Efficient_Inverse_Dynamics.pdf,corpus\papers\all\arxiv_2511.10878_Multi-Joint_Physics-Informed_Deep_Learning_Framework_for_Time-Efficient_Inverse_Dynamics.pdf,,,,,,,,,arxiv2511.10878,
arxiv_2511.11908,PI-NAIM Path-Integrated Neural Adaptive Imputation Model,2025,2511.11908,https://arxiv.org/abs/2511.11908,long_tail,arxiv_2511.11908_PI-NAIM_Path-Integrated_Neural_Adaptive_Imputation_Model.pdf,corpus\papers\all\arxiv_2511.11908_PI-NAIM_Path-Integrated_Neural_Adaptive_Imputation_Model.pdf,,,,,,,,,arxiv2511.11908,
arxiv_2511.16333,Beyond Generative AI World Models for Clinical Prediction Counterfactuals and Planning,2025,2511.16333,https://arxiv.org/abs/2511.16333,long_tail,arxiv_2511.16333_Beyond_Generative_AI_World_Models_for_Clinical_Prediction_Counterfactuals_and_Planning.pdf,corpus\papers\all\arxiv_2511.16333_Beyond_Generative_AI_World_Models_for_Clinical_Prediction_Counterfactuals_and_Planning.pdf,clinical,world model,primary,,,,,,arxiv2511.16333,
arxiv_2511.16567,POMA-3D The Point Map Way to 3D Scene Understanding,2025,2511.16567,https://arxiv.org/abs/2511.16567,long_tail,arxiv_2511.16567_POMA-3D_The_Point_Map_Way_to_3D_Scene_Understanding.pdf,corpus\papers\all\arxiv_2511.16567_POMA-3D_The_Point_Map_Way_to_3D_Scene_Understanding.pdf,,,,,,,,,arxiv2511.16567,
arxiv_2511.17354,DSeq-JEPA Discriminative Sequential Joint-Embedding Predictive Architecture,2025,2511.17354,https://arxiv.org/abs/2511.17354,long_tail,arxiv_2511.17354_DSeq-JEPA_Discriminative_Sequential_Joint-Embedding_Predictive_Architecture.pdf,corpus\papers\all\arxiv_2511.17354_DSeq-JEPA_Discriminative_Sequential_Joint-Embedding_Predictive_Architecture.pdf,vision,representation learning,primary,,,,,,arxiv2511.17354,
arxiv_2511.18424,CrossJEPA Cross-Modal Joint-Embedding Predictive Architecture for Efficient 3D Representation Learning from 2D Images,2025,2511.18424,https://arxiv.org/abs/2511.18424,long_tail,arxiv_2511.18424_CrossJEPA_Cross-Modal_Joint-Embedding_Predictive_Architecture_for_Efficient_3D_Representation_Learning_from_2D_Images.pdf,corpus\papers\all\arxiv_2511.18424_CrossJEPA_Cross-Modal_Joint-Embedding_Predictive_Architecture_for_Efficient_3D_Representation_Learning_from_2D_Images.pdf,multimodal,3d representation learning,primary,,,,,,arxiv2511.18424,
arxiv_2511.18640,Health system learning achieves generalist neuroimaging models,2025,2511.18640,https://arxiv.org/abs/2511.18640,long_tail,arxiv_2511.18640_Health_system_learning_achieves_generalist_neuroimaging_models.pdf,corpus\papers\all\arxiv_2511.18640_Health_system_learning_achieves_generalist_neuroimaging_models.pdf,,,,,,,,,arxiv2511.18640,
arxiv_2512.00379,EnzyCLIP A Cross-Attention Dual Encoder Framework with Contrastive Learning for Predicting Enzyme Kinetic Constants,2025,2512.00379,https://arxiv.org/abs/2512.00379,long_tail,arxiv_2512.00379_EnzyCLIP_A_Cross-Attention_Dual_Encoder_Framework_with_Contrastive_Learning_for_Predicting_Enzyme_Kinetic_Constants.pdf,corpus\papers\all\arxiv_2512.00379_EnzyCLIP_A_Cross-Attention_Dual_Encoder_Framework_with_Contrastive_Learning_for_Predicting_Enzyme_Kinetic_Constants.pdf,,,,,,,,,arxiv2512.00379,
arxiv_2512.04832,Tokenizing Buildings A Transformer for Layout Synthesis,2025,2512.04832,https://arxiv.org/abs/2512.04832,long_tail,arxiv_2512.04832_Tokenizing_Buildings_A_Transformer_for_Layout_Synthesis.pdf,corpus\papers\all\arxiv_2512.04832_Tokenizing_Buildings_A_Transformer_for_Layout_Synthesis.pdf,,,,,,,,,arxiv2512.04832,
arxiv_2512.06232,Opinion Learning Intuitive Physics May Require More than Visual Data,2025,2512.06232,https://arxiv.org/abs/2512.06232,long_tail,arxiv_2512.06232_Opinion_Learning_Intuitive_Physics_May_Require_More_than_Visual_Data.pdf,corpus\papers\all\arxiv_2512.06232_Opinion_Learning_Intuitive_Physics_May_Require_More_than_Visual_Data.pdf,,,,,,,,,arxiv2512.06232,
arxiv_2512.07168,JEPA as a Neural Tokenizer Learning Robust Speech Representations with Density Adaptive Attention,2025,2512.07168,https://arxiv.org/abs/2512.07168,long_tail,arxiv_2512.07168_JEPA_as_a_Neural_Tokenizer_Learning_Robust_Speech_Representations_with_Density_Adaptive_Attention.pdf,corpus\papers\all\arxiv_2512.07168_JEPA_as_a_Neural_Tokenizer_Learning_Robust_Speech_Representations_with_Density_Adaptive_Attention.pdf,audio,speech representation learning with adaptive attention,primary,,,,,,arxiv2512.07168,
arxiv_2512.10942,VL-JEPA Joint Embedding Predictive Architecture for Vision-language,2025,2512.10942,https://arxiv.org/abs/2512.10942,long_tail,arxiv_2512.10942_VL-JEPA_Joint_Embedding_Predictive_Architecture_for_Vision-language.pdf,corpus\papers\all\arxiv_2512.10942_VL-JEPA_Joint_Embedding_Predictive_Architecture_for_Vision-language.pdf,multimodal,vision-language representation learning,primary,,,,,,arxiv2512.10942,
arxiv_2512.19171,JEPA-Reasoner Decoupling Latent Reasoning from Token Generation,2025,2512.19171,https://arxiv.org/abs/2512.19171,long_tail,arxiv_2512.19171_JEPA-Reasoner_Decoupling_Latent_Reasoning_from_Token_Generation.pdf,corpus\papers\all\arxiv_2512.19171_JEPA-Reasoner_Decoupling_Latent_Reasoning_from_Token_Generation.pdf,language,reasoning,primary,,,,,,arxiv2512.19171,
arxiv_2512.19605,KerJEPA Kernel Discrepancies for Euclidean Self-Supervised Learning,2025,2512.19605,https://arxiv.org/abs/2512.19605,long_tail,arxiv_2512.19605_KerJEPA_Kernel_Discrepancies_for_Euclidean_Self-Supervised_Learning.pdf,corpus\papers\all\arxiv_2512.19605_KerJEPA_Kernel_Discrepancies_for_Euclidean_Self-Supervised_Learning.pdf,vision,representation learning,primary,,,,,,arxiv2512.19605,
arxiv_2601.00366,BERT-JEPA Reorganizing CLS Embeddings for Language-Invariant Semantics,2026,2601.00366,https://arxiv.org/abs/2601.00366,long_tail,arxiv_2601.00366_BERT-JEPA_Reorganizing_CLS_Embeddings_for_Language-Invariant_Semantics.pdf,corpus\papers\all\arxiv_2601.00366_BERT-JEPA_Reorganizing_CLS_Embeddings_for_Language-Invariant_Semantics.pdf,language,representation learning,primary,,,,,,arxiv2601.00366,
arxiv_2601.00844,Value-guided action planning with JEPA world models,2026,2601.00844,https://arxiv.org/abs/2601.00844,long_tail,arxiv_2601.00844_Value-guided_action_planning_with_JEPA_world_models.pdf,corpus\papers\all\arxiv_2601.00844_Value-guided_action_planning_with_JEPA_world_models.pdf,general,value-guided action planning with jepa world models,primary,,,,,,arxiv2601.00844,
arxiv_2601.01577,HanoiWorld A Joint Embedding Predictive Architecture BasedWorld Model for Autonomous Vehicle Controller,2026,2601.01577,https://arxiv.org/abs/2601.01577,long_tail,arxiv_2601.01577_HanoiWorld_A_Joint_Embedding_Predictive_Architecture_BasedWorld_Model_for_Autonomous_Vehicle_Controller.pdf,corpus\papers\all\arxiv_2601.01577_HanoiWorld_A_Joint_Embedding_Predictive_Architecture_BasedWorld_Model_for_Autonomous_Vehicle_Controller.pdf,robotics,world model,primary,,,,,,arxiv2601.01577,
arxiv_2601.03665,PhysVideoGenerator Towards Physically Aware Video Generation via Latent Physics Guidance,2026,2601.03665,https://arxiv.org/abs/2601.03665,long_tail,arxiv_2601.03665_PhysVideoGenerator_Towards_Physically_Aware_Video_Generation_via_Latent_Physics_Guidance.pdf,corpus\papers\all\arxiv_2601.03665_PhysVideoGenerator_Towards_Physically_Aware_Video_Generation_via_Latent_Physics_Guidance.pdf,,,,,,,,,arxiv2601.03665,
arxiv_2601.06212,Akasha 2 Hamiltonian State Space Duality and Visual-Language Joint Embedding Predictive Architectur,2026,2601.06212,https://arxiv.org/abs/2601.06212,long_tail,arxiv_2601.06212_Akasha_2_Hamiltonian_State_Space_Duality_and_Visual-Language_Joint_Embedding_Predictive_Architectur.pdf,corpus\papers\all\arxiv_2601.06212_Akasha_2_Hamiltonian_State_Space_Duality_and_Visual-Language_Joint_Embedding_Predictive_Architectur.pdf,,,,,,,,,arxiv2601.06212,
arxiv_2601.07013,Conditional Normalizing Flows for Forward and Backward Joint State and Parameter Estimation,2026,2601.07013,https://arxiv.org/abs/2601.07013,long_tail,arxiv_2601.07013_Conditional_Normalizing_Flows_for_Forward_and_Backward_Joint_State_and_Parameter_Estimation.pdf,corpus\papers\all\arxiv_2601.07013_Conditional_Normalizing_Flows_for_Forward_and_Backward_Joint_State_and_Parameter_Estimation.pdf,,,,,,,,,arxiv2601.07013,
arxiv_2601.09524,Video Joint-Embedding Predictive Architectures for Facial Expression Recognition,2026,2601.09524,https://arxiv.org/abs/2601.09524,long_tail,arxiv_2601.09524_Video_Joint-Embedding_Predictive_Architectures_for_Facial_Expression_Recognition.pdf,corpus\papers\all\arxiv_2601.09524_Video_Joint-Embedding_Predictive_Architectures_for_Facial_Expression_Recognition.pdf,,,,,,,,,arxiv2601.09524,
arxiv_2601.14354,VJEPA Variational Joint Embedding Predictive Architectures as Probabilistic World Models,2026,2601.14354,https://arxiv.org/abs/2601.14354,long_tail,arxiv_2601.14354_VJEPA_Variational_Joint_Embedding_Predictive_Architectures_as_Probabilistic_World_Models.pdf,corpus\papers\all\arxiv_2601.14354_VJEPA_Variational_Joint_Embedding_Predictive_Architectures_as_Probabilistic_World_Models.pdf,video,probabilistic world model with variational jepa,analysis,,,,,,arxiv2601.14354,
arxiv_2601.15891,RadJEPA Radiology Encoder for Chest X-Rays via Joint Embedding Predictive Architecture,2026,2601.15891,https://arxiv.org/abs/2601.15891,long_tail,arxiv_2601.15891_RadJEPA_Radiology_Encoder_for_Chest_X-Rays_via_Joint_Embedding_Predictive_Architecture.pdf,corpus\papers\all\arxiv_2601.15891_RadJEPA_Radiology_Encoder_for_Chest_X-Rays_via_Joint_Embedding_Predictive_Architecture.pdf,clinical,representation learning,primary,,,,,,arxiv2601.15891,
arxiv_2601.17216,Spatiotemporal Semantic V2X Framework for Cooperative Collision Prediction,2026,2601.17216,https://arxiv.org/abs/2601.17216,long_tail,arxiv_2601.17216_Spatiotemporal_Semantic_V2X_Framework_for_Cooperative_Collision_Prediction.pdf,corpus\papers\all\arxiv_2601.17216_Spatiotemporal_Semantic_V2X_Framework_for_Cooperative_Collision_Prediction.pdf,,,,,,,,,arxiv2601.17216,
arxiv_2601.19822,A Latent Space Framework for Modeling Transient Engine Emissions Using Joint Embedding Predictive Architectures,2026,2601.19822,https://arxiv.org/abs/2601.19822,long_tail,arxiv_2601.19822_A_Latent_Space_Framework_for_Modeling_Transient_Engine_Emissions_Using_Joint_Embedding_Predictive_Architectures.pdf,corpus\papers\all\arxiv_2601.19822_A_Latent_Space_Framework_for_Modeling_Transient_Engine_Emissions_Using_Joint_Embedding_Predictive_Architectures.pdf,engineering,prediction,primary,,,,,,arxiv2601.19822,
arxiv_2601.20190,WirelessJEPA A Multi-Antenna Foundation Model using Spatio-temporal Wireless Latent Predictions,2026,2601.20190,https://arxiv.org/abs/2601.20190,long_tail,arxiv_2601.20190_WirelessJEPA_A_Multi-Antenna_Foundation_Model_using_Spatio-temporal_Wireless_Latent_Predictions.pdf,corpus\papers\all\arxiv_2601.20190_WirelessJEPA_A_Multi-Antenna_Foundation_Model_using_Spatio-temporal_Wireless_Latent_Predictions.pdf,wireless,representation learning,primary,,,,,,arxiv2601.20190,
arxiv_2601.22032,Drive-JEPA Video JEPA Meets Multimodal Trajectory Distillation for End-to-End Driving,2026,2601.22032,https://arxiv.org/abs/2601.22032,long_tail,arxiv_2601.22032_Drive-JEPA_Video_JEPA_Meets_Multimodal_Trajectory_Distillation_for_End-to-End_Driving.pdf,corpus\papers\all\arxiv_2601.22032_Drive-JEPA_Video_JEPA_Meets_Multimodal_Trajectory_Distillation_for_End-to-End_Driving.pdf,multimodal,planning,primary,,,,,,arxiv2601.22032,
arxiv_2601.22128,The Patient is not a Moving Document A World Model Training Paradigm for Longitudinal EHR,2026,2601.22128,https://arxiv.org/abs/2601.22128,long_tail,arxiv_2601.22128_The_Patient_is_not_a_Moving_Document_A_World_Model_Training_Paradigm_for_Longitudinal_EHR.pdf,corpus\papers\all\arxiv_2601.22128_The_Patient_is_not_a_Moving_Document_A_World_Model_Training_Paradigm_for_Longitudinal_EHR.pdf,,,,,,,,,arxiv2601.22128,
arxiv_2602.00800,JTok On Token Embedding as another Axis of Scaling Law via Joint Token Self-modulation,2026,2602.00800,https://arxiv.org/abs/2602.00800,long_tail,arxiv_2602.00800_JTok_On_Token_Embedding_as_another_Axis_of_Scaling_Law_via_Joint_Token_Self-modulation.pdf,corpus\papers\all\arxiv_2602.00800_JTok_On_Token_Embedding_as_another_Axis_of_Scaling_Law_via_Joint_Token_Self-modulation.pdf,,,,,,,,,arxiv2602.00800,
arxiv_2602.01456,Rectified LpJEPA Joint-Embedding Predictive Architectures with Sparse and Maximum-Entropy Representations,2026,2602.01456,https://arxiv.org/abs/2602.01456,long_tail,arxiv_2602.01456_Rectified_LpJEPA_Joint-Embedding_Predictive_Architectures_with_Sparse_and_Maximum-Entropy_Representations.pdf,corpus\papers\all\arxiv_2602.01456_Rectified_LpJEPA_Joint-Embedding_Predictive_Architectures_with_Sparse_and_Maximum-Entropy_Representations.pdf,vision,representation learning,primary,,,,,,arxiv2602.01456,
arxiv_2602.01924,Bayesian Integration of Nonlinear Incomplete Clinical Data,2026,2602.01924,https://arxiv.org/abs/2602.01924,long_tail,arxiv_2602.01924_Bayesian_Integration_of_Nonlinear_Incomplete_Clinical_Data.pdf,corpus\papers\all\arxiv_2602.01924_Bayesian_Integration_of_Nonlinear_Incomplete_Clinical_Data.pdf,,,,,,,,,arxiv2602.01924,
arxiv_2602.02093,Cell-JEPA Latent Representation Learning for Single-Cell Transcriptomics,2026,2602.02093,https://arxiv.org/abs/2602.02093,long_tail,arxiv_2602.02093_Cell-JEPA_Latent_Representation_Learning_for_Single-Cell_Transcriptomics.pdf,corpus\papers\all\arxiv_2602.02093_Cell-JEPA_Latent_Representation_Learning_for_Single-Cell_Transcriptomics.pdf,genomics,representation learning,primary,,,,,,arxiv2602.02093,
arxiv_2602.02620,CryoLVM Self-supervised Learning from Cryo-EM Density Maps with Large Vision Models,2026,2602.02620,https://arxiv.org/abs/2602.02620,long_tail,arxiv_2602.02620_CryoLVM_Self-supervised_Learning_from_Cryo-EM_Density_Maps_with_Large_Vision_Models.pdf,corpus\papers\all\arxiv_2602.02620_CryoLVM_Self-supervised_Learning_from_Cryo-EM_Density_Maps_with_Large_Vision_Models.pdf,,,,,,,,,arxiv2602.02620,
arxiv_2602.03604,A Lightweight Library for Energy-Based Joint-Embedding Predictive Architectures,2026,2602.03604,https://arxiv.org/abs/2602.03604,long_tail,arxiv_2602.03604_A_Lightweight_Library_for_Energy-Based_Joint-Embedding_Predictive_Architectures.pdf,corpus\papers\all\arxiv_2602.03604_A_Lightweight_Library_for_Energy-Based_Joint-Embedding_Predictive_Architectures.pdf,vision,tooling,primary,,,,,,arxiv2602.03604,
arxiv_2602.04643,MTS-JEPA Multi-Resolution Joint-Embedding Predictive Architecture for Time-Series Anomaly Prediction,2026,2602.04643,https://arxiv.org/abs/2602.04643,long_tail,arxiv_2602.04643_MTS-JEPA_Multi-Resolution_Joint-Embedding_Predictive_Architecture_for_Time-Series_Anomaly_Prediction.pdf,corpus\papers\all\arxiv_2602.04643_MTS-JEPA_Multi-Resolution_Joint-Embedding_Predictive_Architecture_for_Time-Series_Anomaly_Prediction.pdf,time-series,representation learning,primary,,,,,,arxiv2602.04643,
arxiv_2602.05638,UniSurg A Video-Native Foundation Model for Universal Understanding of Surgical Videos,2026,2602.05638,https://arxiv.org/abs/2602.05638,long_tail,arxiv_2602.05638_UniSurg_A_Video-Native_Foundation_Model_for_Universal_Understanding_of_Surgical_Videos.pdf,corpus\papers\all\arxiv_2602.05638_UniSurg_A_Video-Native_Foundation_Model_for_Universal_Understanding_of_Surgical_Videos.pdf,,,,,,,,,arxiv2602.05638,
arxiv_2602.07000,Hierarchical JEPA Meets Predictive Remote Control in Beyond 5G Networks,2026,2602.07000,https://arxiv.org/abs/2602.07000,long_tail,arxiv_2602.07000_Hierarchical_JEPA_Meets_Predictive_Remote_Control_in_Beyond_5G_Networks.pdf,corpus\papers\all\arxiv_2602.07000_Hierarchical_JEPA_Meets_Predictive_Remote_Control_in_Beyond_5G_Networks.pdf,networks,prediction,primary,,,,,,arxiv2602.07000,
arxiv_2602.07016,Gaussian-Constrained LeJEPA Representations for Unsupervised Scene Discovery and Pose Consistency,2026,2602.07016,https://arxiv.org/abs/2602.07016,long_tail,arxiv_2602.07016_Gaussian-Constrained_LeJEPA_Representations_for_Unsupervised_Scene_Discovery_and_Pose_Consistency.pdf,corpus\papers\all\arxiv_2602.07016_Gaussian-Constrained_LeJEPA_Representations_for_Unsupervised_Scene_Discovery_and_Pose_Consistency.pdf,vision,scene understanding,primary,,,,,,arxiv2602.07016,
arxiv_2602.09040,Soft Clustering Anchors for Self-Supervised Speech Representation Learning in Joint Embedding Prediction Architectures,2026,2602.09040,https://arxiv.org/abs/2602.09040,long_tail,arxiv_2602.09040_Soft_Clustering_Anchors_for_Self-Supervised_Speech_Representation_Learning_in_Joint_Embedding_Prediction_Architectures.pdf,corpus\papers\all\arxiv_2602.09040_Soft_Clustering_Anchors_for_Self-Supervised_Speech_Representation_Learning_in_Joint_Embedding_Prediction_Architectures.pdf,,,,,,,,,arxiv2602.09040,
arxiv_2602.11389,Causal-JEPA Learning World Models through Object-Level Latent Interventions,2026,2602.11389,https://arxiv.org/abs/2602.11389,long_tail,arxiv_2602.11389_Causal-JEPA_Learning_World_Models_through_Object-Level_Latent_Interventions.pdf,corpus\papers\all\arxiv_2602.11389_Causal-JEPA_Learning_World_Models_through_Object-Level_Latent_Interventions.pdf,vision,world model,primary,,,,,,arxiv2602.11389,
arxiv_2602.12245,Intrinsic-Energy Joint Embedding Predictive Architectures Induce Quasimetric Spaces,2026,2602.12245,https://arxiv.org/abs/2602.12245,long_tail,arxiv_2602.12245_Intrinsic-Energy_Joint_Embedding_Predictive_Architectures_Induce_Quasimetric_Spaces.pdf,corpus\papers\all\arxiv_2602.12245_Intrinsic-Energy_Joint_Embedding_Predictive_Architectures_Induce_Quasimetric_Spaces.pdf,vision,representation analysis,analysis,,,,,,arxiv2602.12245,
arxiv_2602.12540,Self-Supervised JEPA-based World Models for LiDAR Occupancy Completion and Forecasting,2026,2602.12540,https://arxiv.org/abs/2602.12540,long_tail,arxiv_2602.12540_Self-Supervised_JEPA-based_World_Models_for_LiDAR_Occupancy_Completion_and_Forecasting.pdf,corpus\papers\all\arxiv_2602.12540_Self-Supervised_JEPA-based_World_Models_for_LiDAR_Occupancy_Completion_and_Forecasting.pdf,lidar,world model,primary,,,,,,arxiv2602.12540,
arxiv_2602.14642,GenPANIS A Latent-Variable Generative Framework for Forward and Inverse PDE Problems in Multiphase Media,2026,2602.14642,https://arxiv.org/abs/2602.14642,long_tail,arxiv_2602.14642_GenPANIS_A_Latent-Variable_Generative_Framework_for_Forward_and_Inverse_PDE_Problems_in_Multiphase_Media.pdf,corpus\papers\all\arxiv_2602.14642_GenPANIS_A_Latent-Variable_Generative_Framework_for_Forward_and_Inverse_PDE_Problems_in_Multiphase_Media.pdf,,,,,,,,,arxiv2602.14642,
arxiv_2602.14672,MeFEm Medical Face Embedding model,2026,2602.14672,https://arxiv.org/abs/2602.14672,long_tail,arxiv_2602.14672_MeFEm_Medical_Face_Embedding_model.pdf,corpus\papers\all\arxiv_2602.14672_MeFEm_Medical_Face_Embedding_model.pdf,,,,,,,,,arxiv2602.14672,
arxiv_2602.14771,GOT-JEPA Generic Object Tracking with Model Adaptation and Occlusion Handling using Joint-Embedding Predictive Architect,2026,2602.14771,https://arxiv.org/abs/2602.14771,long_tail,arxiv_2602.14771_GOT-JEPA_Generic_Object_Tracking_with_Model_Adaptation_and_Occlusion_Handling_using_Joint-Embedding_Predictive_Architect.pdf,corpus\papers\all\arxiv_2602.14771_GOT-JEPA_Generic_Object_Tracking_with_Model_Adaptation_and_Occlusion_Handling_using_Joint-Embedding_Predictive_Architect.pdf,vision,tracking,primary,,,,,,arxiv2602.14771,
arxiv_2602.17162,JEPA-DNA Grounding Genomic Foundation Models through Joint-Embedding Predictive Architectures,2026,2602.17162,https://arxiv.org/abs/2602.17162,long_tail,arxiv_2602.17162_JEPA-DNA_Grounding_Genomic_Foundation_Models_through_Joint-Embedding_Predictive_Architectures.pdf,corpus\papers\all\arxiv_2602.17162_JEPA-DNA_Grounding_Genomic_Foundation_Models_through_Joint-Embedding_Predictive_Architectures.pdf,genomics,representation learning,primary,,,,,,arxiv2602.17162,
arxiv_2602.19322,US-JEPA A Joint Embedding Predictive Architecture for Medical Ultrasound,2026,2602.19322,https://arxiv.org/abs/2602.19322,long_tail,arxiv_2602.19322_US-JEPA_A_Joint_Embedding_Predictive_Architecture_for_Medical_Ultrasound.pdf,corpus\papers\all\arxiv_2602.19322_US-JEPA_A_Joint_Embedding_Predictive_Architecture_for_Medical_Ultrasound.pdf,clinical,representation learning,primary,,,,,,arxiv2602.19322,
arxiv_2602.20676,PRECTR-V2 Unified Relevance-CTR Framework with Cross-User Preference Mining Exposure Bias Correction and LLM-Distilled E,2026,2602.20676,https://arxiv.org/abs/2602.20676,long_tail,arxiv_2602.20676_PRECTR-V2_Unified_Relevance-CTR_Framework_with_Cross-User_Preference_Mining_Exposure_Bias_Correction_and_LLM-Distilled_E.pdf,corpus\papers\all\arxiv_2602.20676_PRECTR-V2_Unified_Relevance-CTR_Framework_with_Cross-User_Preference_Mining_Exposure_Bias_Correction_and_LLM-Distilled_E.pdf,,,,,,,,,arxiv2602.20676,
arxiv_2602.22552,Relatron Automating Relational Machine Learning over Relational Databases,2026,2602.22552,https://arxiv.org/abs/2602.22552,long_tail,arxiv_2602.22552_Relatron_Automating_Relational_Machine_Learning_over_Relational_Databases.pdf,corpus\papers\all\arxiv_2602.22552_Relatron_Automating_Relational_Machine_Learning_over_Relational_Databases.pdf,,,,,,,,,arxiv2602.22552,
arxiv_2603.00049,BiJEPA Bi-directional Joint Embedding Predictive Architecture for Symmetric Representation Learning,2026,2603.00049,https://arxiv.org/abs/2603.00049,long_tail,arxiv_2603.00049_BiJEPA_Bi-directional_Joint_Embedding_Predictive_Architecture_for_Symmetric_Representation_Learning.pdf,corpus\papers\all\arxiv_2603.00049_BiJEPA_Bi-directional_Joint_Embedding_Predictive_Architecture_for_Symmetric_Representation_Learning.pdf,vision,representation learning,primary,,,,,,arxiv2603.00049,
arxiv_2603.02650,Improving Diffusion Planners by Self-Supervised Action Gating with Energies,2026,2603.02650,https://arxiv.org/abs/2603.02650,long_tail,arxiv_2603.02650_Improving_Diffusion_Planners_by_Self-Supervised_Action_Gating_with_Energies.pdf,corpus\papers\all\arxiv_2603.02650_Improving_Diffusion_Planners_by_Self-Supervised_Action_Gating_with_Energies.pdf,,,,,,,,,arxiv2603.02650,
arxiv_2603.08731,Hebbian-Oscillatory Co-Learning,2026,2603.08731,https://arxiv.org/abs/2603.08731,long_tail,arxiv_2603.08731_Hebbian-Oscillatory_Co-Learning.pdf,corpus\papers\all\arxiv_2603.08731_Hebbian-Oscillatory_Co-Learning.pdf,,,,,,,,,arxiv2603.08731,
arxiv_2603.10712,FutureVLA Joint Visuomotor Prediction for Vision-Language-Action Model,2026,2603.10712,https://arxiv.org/abs/2603.10712,long_tail,arxiv_2603.10712_FutureVLA_Joint_Visuomotor_Prediction_for_Vision-Language-Action_Model.pdf,corpus\papers\all\arxiv_2603.10712_FutureVLA_Joint_Visuomotor_Prediction_for_Vision-Language-Action_Model.pdf,,,,,,,,,arxiv2603.10712,
arxiv_2603.13227,Representation Learning for Spatiotemporal Physical Systems,2026,2603.13227,https://arxiv.org/abs/2603.13227,long_tail,arxiv_2603.13227_Representation_Learning_for_Spatiotemporal_Physical_Systems.pdf,corpus\papers\all\arxiv_2603.13227_Representation_Learning_for_Spatiotemporal_Physical_Systems.pdf,,,,,,,,,arxiv2603.13227,
arxiv_2603.13265,Knowledge Rules and Their Embeddings Two Paths towards Neuro-Symbolic JEPA,2026,2603.13265,https://arxiv.org/abs/2603.13265,long_tail,arxiv_2603.13265_Knowledge_Rules_and_Their_Embeddings_Two_Paths_towards_Neuro-Symbolic_JEPA.pdf,corpus\papers\all\arxiv_2603.13265_Knowledge_Rules_and_Their_Embeddings_Two_Paths_towards_Neuro-Symbolic_JEPA.pdf,language,reasoning,primary,,,,,,arxiv2603.13265,
arxiv_2603.14886,PASTE Physics-Aware Scattering Topology Embedding Framework for SAR Object Detection,2026,2603.14886,https://arxiv.org/abs/2603.14886,long_tail,arxiv_2603.14886_PASTE_Physics-Aware_Scattering_Topology_Embedding_Framework_for_SAR_Object_Detection.pdf,corpus\papers\all\arxiv_2603.14886_PASTE_Physics-Aware_Scattering_Topology_Embedding_Framework_for_SAR_Object_Detection.pdf,,,,,,,,,arxiv2603.14886,
arxiv_2603.16281,Laya A LeJEPA Approach to EEG via Latent Prediction over Reconstruction,2026,2603.16281,https://arxiv.org/abs/2603.16281,long_tail,arxiv_2603.16281_Laya_A_LeJEPA_Approach_to_EEG_via_Latent_Prediction_over_Reconstruction.pdf,corpus\papers\all\arxiv_2603.16281_Laya_A_LeJEPA_Approach_to_EEG_via_Latent_Prediction_over_Reconstruction.pdf,eeg,representation learning,primary,,,,,,arxiv2603.16281,
arxiv_2603.19100,LuMamba Latent Unified Mamba for Electrode Topology-Invariant and Efficient EEG Modeling,2026,2603.19100,https://arxiv.org/abs/2603.19100,long_tail,arxiv_2603.19100_LuMamba_Latent_Unified_Mamba_for_Electrode_Topology-Invariant_and_Efficient_EEG_Modeling.pdf,corpus\papers\all\arxiv_2603.19100_LuMamba_Latent_Unified_Mamba_for_Electrode_Topology-Invariant_and_Efficient_EEG_Modeling.pdf,,,,,,,,,arxiv2603.19100,
arxiv_2603.19312,LeWorldModel Stable End-to-End Joint-Embedding Predictive Architecture from Pixels,2026,2603.19312,https://arxiv.org/abs/2603.19312,long_tail,arxiv_2603.19312_LeWorldModel_Stable_End-to-End_Joint-Embedding_Predictive_Architecture_from_Pixels.pdf,corpus\papers\all\arxiv_2603.19312_LeWorldModel_Stable_End-to-End_Joint-Embedding_Predictive_Architecture_from_Pixels.pdf,vision,world model,primary,,,,,,arxiv2603.19312,
arxiv_2603.20048,Structured Latent Dynamics in Wireless CSI via Homomorphic World Models,2026,2603.20048,https://arxiv.org/abs/2603.20048,long_tail,arxiv_2603.20048_Structured_Latent_Dynamics_in_Wireless_CSI_via_Homomorphic_World_Models.pdf,corpus\papers\all\arxiv_2603.20048_Structured_Latent_Dynamics_in_Wireless_CSI_via_Homomorphic_World_Models.pdf,,,,,,,,,arxiv2603.20048,
arxiv_2603.20111,Var-JEPA A Variational Formulation of the Joint-Embedding Predictive Architecture -- Bridging Predictive and Generative,2026,2603.20111,https://arxiv.org/abs/2603.20111,long_tail,arxiv_2603.20111_Var-JEPA_A_Variational_Formulation_of_the_Joint-Embedding_Predictive_Architecture_--_Bridging_Predictive_and_Generative.pdf,corpus\papers\all\arxiv_2603.20111_Var-JEPA_A_Variational_Formulation_of_the_Joint-Embedding_Predictive_Architecture_--_Bridging_Predictive_and_Generative.pdf,vision,world model,primary,,,,,,arxiv2603.20111,
arxiv_2603.20327,Probing the Latent World Emergent Discrete Symbols and Physical Structure in Latent Representations,2026,2603.20327,https://arxiv.org/abs/2603.20327,long_tail,arxiv_2603.20327_Probing_the_Latent_World_Emergent_Discrete_Symbols_and_Physical_Structure_in_Latent_Representations.pdf,corpus\papers\all\arxiv_2603.20327_Probing_the_Latent_World_Emergent_Discrete_Symbols_and_Physical_Structure_in_Latent_Representations.pdf,,,,,,,,,arxiv2603.20327,
arxiv_2603.20987,Interpreting the Synchronization Gap The Hidden Mechanism Inside Diffusion Transformers,2026,2603.20987,https://arxiv.org/abs/2603.20987,long_tail,arxiv_2603.20987_Interpreting_the_Synchronization_Gap_The_Hidden_Mechanism_Inside_Diffusion_Transformers.pdf,corpus\papers\all\arxiv_2603.20987_Interpreting_the_Synchronization_Gap_The_Hidden_Mechanism_Inside_Diffusion_Transformers.pdf,,,,,,,,,arxiv2603.20987,
arxiv_2603.22649,Pretext Matters An Empirical Study of SSL Methods in Medical Imaging,2026,2603.22649,https://arxiv.org/abs/2603.22649,long_tail,arxiv_2603.22649_Pretext_Matters_An_Empirical_Study_of_SSL_Methods_in_Medical_Imaging.pdf,corpus\papers\all\arxiv_2603.22649_Pretext_Matters_An_Empirical_Study_of_SSL_Methods_in_Medical_Imaging.pdf,,,,,,,,,arxiv2603.22649,
arxiv_2603.25216,A Wireless World Model for AI-Native 6G Networks,2026,2603.25216,https://arxiv.org/abs/2603.25216,long_tail,arxiv_2603.25216_A_Wireless_World_Model_for_AI-Native_6G_Networks.pdf,corpus\papers\all\arxiv_2603.25216_A_Wireless_World_Model_for_AI-Native_6G_Networks.pdf,,,,,,,,,arxiv2603.25216,
arxiv_2603.26799,Gaussian Joint Embeddings For Self-Supervised Representation Learning,2026,2603.26799,https://arxiv.org/abs/2603.26799,long_tail,arxiv_2603.26799_Gaussian_Joint_Embeddings_For_Self-Supervised_Representation_Learning.pdf,corpus\papers\all\arxiv_2603.26799_Gaussian_Joint_Embeddings_For_Self-Supervised_Representation_Learning.pdf,,,,,,,,,arxiv2603.26799,
arxiv_2603.29796,JEPA-MSAC A Joint-Embedding Predictive Architecture for Multimodal Sensing-Assisted Communications,2026,2603.29796,https://arxiv.org/abs/2603.29796,long_tail,arxiv_2603.29796_JEPA-MSAC_A_Joint-Embedding_Predictive_Architecture_for_Multimodal_Sensing-Assisted_Communications.pdf,corpus\papers\all\arxiv_2603.29796_JEPA-MSAC_A_Joint-Embedding_Predictive_Architecture_for_Multimodal_Sensing-Assisted_Communications.pdf,multimodal,sensing,primary,,,,,,arxiv2603.29796,
arxiv_2604.01349,PI-JEPA Label-Free Surrogate Pretraining for Coupled Multiphysics Simulation via Operator-Split Latent Prediction,2026,2604.01349,https://arxiv.org/abs/2604.01349,long_tail,arxiv_2604.01349_PI-JEPA_Label-Free_Surrogate_Pretraining_for_Coupled_Multiphysics_Simulation_via_Operator-Split_Latent_Prediction.pdf,corpus\papers\all\arxiv_2604.01349_PI-JEPA_Label-Free_Surrogate_Pretraining_for_Coupled_Multiphysics_Simulation_via_Operator-Split_Latent_Prediction.pdf,physics,simulation,primary,,,,,,arxiv2604.01349,
arxiv_2604.08503,Phantom Physics-Infused Video Generation via Joint Modeling of Visual and Latent Physical Dynamics,2026,2604.08503,https://arxiv.org/abs/2604.08503,long_tail,arxiv_2604.08503_Phantom_Physics-Infused_Video_Generation_via_Joint_Modeling_of_Visual_and_Latent_Physical_Dynamics.pdf,corpus\papers\all\arxiv_2604.08503_Phantom_Physics-Infused_Video_Generation_via_Joint_Modeling_of_Visual_and_Latent_Physical_Dynamics.pdf,,,,,,,,,arxiv2604.08503,
arxiv_2604.13518,From Alignment to Prediction A Study of Self-Supervised Learning and Predictive Representation Learning,2026,2604.13518,https://arxiv.org/abs/2604.13518,long_tail,arxiv_2604.13518_From_Alignment_to_Prediction_A_Study_of_Self-Supervised_Learning_and_Predictive_Representation_Learning.pdf,corpus\papers\all\arxiv_2604.13518_From_Alignment_to_Prediction_A_Study_of_Self-Supervised_Learning_and_Predictive_Representation_Learning.pdf,,,,,,,,,arxiv2604.13518,
arxiv_2604.16333,A Discordance-Aware Multimodal Framework with Multi-Agent Clinical Reasoning,2026,2604.16333,https://arxiv.org/abs/2604.16333,long_tail,arxiv_2604.16333_A_Discordance-Aware_Multimodal_Framework_with_Multi-Agent_Clinical_Reasoning.pdf,corpus\papers\all\arxiv_2604.16333_A_Discordance-Aware_Multimodal_Framework_with_Multi-Agent_Clinical_Reasoning.pdf,,,,,,,,,arxiv2604.16333,
arxiv_2604.16585,The Global Neural World Model Spatially Grounded Discrete Topologies for Action-Conditioned Planning,2026,2604.16585,https://arxiv.org/abs/2604.16585,long_tail,arxiv_2604.16585_The_Global_Neural_World_Model_Spatially_Grounded_Discrete_Topologies_for_Action-Conditioned_Planning.pdf,corpus\papers\all\arxiv_2604.16585_The_Global_Neural_World_Model_Spatially_Grounded_Discrete_Topologies_for_Action-Conditioned_Planning.pdf,,,,,,,,,arxiv2604.16585,
arxiv_2604.21046,JEPAMatch Geometric Representation Shaping for Semi-Supervised Learning,2026,2604.21046,https://arxiv.org/abs/2604.21046,long_tail,arxiv_2604.21046_JEPAMatch_Geometric_Representation_Shaping_for_Semi-Supervised_Learning.pdf,corpus\papers\all\arxiv_2604.21046_JEPAMatch_Geometric_Representation_Shaping_for_Semi-Supervised_Learning.pdf,vision,semi-supervised learning,primary,,,,,,arxiv2604.21046,
arxiv_2604.23336,Efficient Rationale-based Retrieval On-policy Distillation from Generative Rerankers based on JEPA,2026,2604.23336,https://arxiv.org/abs/2604.23336,long_tail,arxiv_2604.23336_Efficient_Rationale-based_Retrieval_On-policy_Distillation_from_Generative_Rerankers_based_on_JEPA.pdf,corpus\papers\all\arxiv_2604.23336_Efficient_Rationale-based_Retrieval_On-policy_Distillation_from_Generative_Rerankers_based_on_JEPA.pdf,language,retrieval,primary,,,,,,arxiv2604.23336,
arxiv_2604.27361,CasLayout Cascaded 3D Layout Diffusion for Indoor Scene Synthesis with Implicit Relation Modeling,2026,2604.27361,https://arxiv.org/abs/2604.27361,long_tail,arxiv_2604.27361_CasLayout_Cascaded_3D_Layout_Diffusion_for_Indoor_Scene_Synthesis_with_Implicit_Relation_Modeling.pdf,corpus\papers\all\arxiv_2604.27361_CasLayout_Cascaded_3D_Layout_Diffusion_for_Indoor_Scene_Synthesis_with_Implicit_Relation_Modeling.pdf,,,,,,,,,arxiv2604.27361,
arxiv_2604.27743,Why Self-Supervised Encoders Want to Be Normal,2026,2604.27743,https://arxiv.org/abs/2604.27743,long_tail,arxiv_2604.27743_Why_Self-Supervised_Encoders_Want_to_Be_Normal.pdf,corpus\papers\all\arxiv_2604.27743_Why_Self-Supervised_Encoders_Want_to_Be_Normal.pdf,,,,,,,,,arxiv2604.27743,
arxiv_2605.03245,Text-Conditional JEPA for Learning Semantically Rich Visual Representations,2026,2605.03245,https://arxiv.org/abs/2605.03245,long_tail,arxiv_2605.03245_Text-Conditional_JEPA_for_Learning_Semantically_Rich_Visual_Representations.pdf,corpus\papers\all\arxiv_2605.03245_Text-Conditional_JEPA_for_Learning_Semantically_Rich_Visual_Representations.pdf,multimodal,representation learning,primary,,,,,,arxiv2605.03245,
arxiv_2605.04943,DART A Vision-Language Foundation Model for Comprehensive Rope Condition Monitoring,2026,2605.04943,https://arxiv.org/abs/2605.04943,long_tail,arxiv_2605.04943_DART_A_Vision-Language_Foundation_Model_for_Comprehensive_Rope_Condition_Monitoring.pdf,corpus\papers\all\arxiv_2605.04943_DART_A_Vision-Language_Foundation_Model_for_Comprehensive_Rope_Condition_Monitoring.pdf,,,,,,,,,arxiv2605.04943,
arxiv_2605.05586,AeroJEPA Learning Semantic Latent Representations for Scalable 3D Aerodynamic Field Modeling,2026,2605.05586,https://arxiv.org/abs/2605.05586,long_tail,arxiv_2605.05586_AeroJEPA_Learning_Semantic_Latent_Representations_for_Scalable_3D_Aerodynamic_Field_Modeling.pdf,corpus\papers\all\arxiv_2605.05586_AeroJEPA_Learning_Semantic_Latent_Representations_for_Scalable_3D_Aerodynamic_Field_Modeling.pdf,3d,representation learning,primary,,,,,,arxiv2605.05586,
arxiv_2605.09241,Sub-JEPA Subspace Gaussian Regularization for Stable End-to-End World Models,2026,2605.09241,https://arxiv.org/abs/2605.09241,long_tail,arxiv_2605.09241_Sub-JEPA_Subspace_Gaussian_Regularization_for_Stable_End-to-End_World_Models.pdf,corpus\papers\all\arxiv_2605.09241_Sub-JEPA_Subspace_Gaussian_Regularization_for_Stable_End-to-End_World_Models.pdf,vision,world model,primary,,,,,,arxiv2605.09241,
arxiv_2605.10616,MulTaBench Benchmarking Multimodal Tabular Learning with Text and Image,2026,2605.10616,https://arxiv.org/abs/2605.10616,long_tail,arxiv_2605.10616_MulTaBench_Benchmarking_Multimodal_Tabular_Learning_with_Text_and_Image.pdf,corpus\papers\all\arxiv_2605.10616_MulTaBench_Benchmarking_Multimodal_Tabular_Learning_with_Text_and_Image.pdf,,,,,,,,,arxiv2605.10616,
arxiv_2605.10840,Clin-JEPA A Multi-Phase Co-Training Framework for Joint-Embedding Predictive Pretraining on EHR Patient Trajectories,2026,2605.10840,https://arxiv.org/abs/2605.10840,long_tail,arxiv_2605.10840_Clin-JEPA_A_Multi-Phase_Co-Training_Framework_for_Joint-Embedding_Predictive_Pretraining_on_EHR_Patient_Trajectories.pdf,corpus\papers\all\arxiv_2605.10840_Clin-JEPA_A_Multi-Phase_Co-Training_Framework_for_Joint-Embedding_Predictive_Pretraining_on_EHR_Patient_Trajectories.pdf,clinical,representation learning,primary,,,,,,arxiv2605.10840,
arxiv_2605.11130,HEPA A Self-Supervised Horizon-Conditioned Event Predictive Architecture for Time Series,2026,2605.11130,https://arxiv.org/abs/2605.11130,long_tail,arxiv_2605.11130_HEPA_A_Self-Supervised_Horizon-Conditioned_Event_Predictive_Architecture_for_Time_Series.pdf,corpus\papers\all\arxiv_2605.11130_HEPA_A_Self-Supervised_Horizon-Conditioned_Event_Predictive_Architecture_for_Time_Series.pdf,,,,,,,,,arxiv2605.11130,
arxiv_2605.12852,Multitask Multimodal Fusion with Tabular Foundation Models for Peak and Durability Prediction of Pertussis Booster Respo,2026,2605.12852,https://arxiv.org/abs/2605.12852,long_tail,arxiv_2605.12852_Multitask_Multimodal_Fusion_with_Tabular_Foundation_Models_for_Peak_and_Durability_Prediction_of_Pertussis_Booster_Respo.pdf,corpus\papers\all\arxiv_2605.12852_Multitask_Multimodal_Fusion_with_Tabular_Foundation_Models_for_Peak_and_Durability_Prediction_of_Pertussis_Booster_Respo.pdf,,,,,,,,,arxiv2605.12852,
arxiv_2605.14120,Mini-JEPA Foundation Model Fleet Enables Agentic Hydrologic Intelligence,2026,2605.14120,https://arxiv.org/abs/2605.14120,long_tail,arxiv_2605.14120_Mini-JEPA_Foundation_Model_Fleet_Enables_Agentic_Hydrologic_Intelligence.pdf,corpus\papers\all\arxiv_2605.14120_Mini-JEPA_Foundation_Model_Fleet_Enables_Agentic_Hydrologic_Intelligence.pdf,time-series,prediction,primary,,,,,,arxiv2605.14120,
arxiv_2605.14406,GeoViSTA Geospatial Vision-Tabular Transformer for Multimodal Environment Representation,2026,2605.14406,https://arxiv.org/abs/2605.14406,long_tail,arxiv_2605.14406_GeoViSTA_Geospatial_Vision-Tabular_Transformer_for_Multimodal_Environment_Representation.pdf,corpus\papers\all\arxiv_2605.14406_GeoViSTA_Geospatial_Vision-Tabular_Transformer_for_Multimodal_Environment_Representation.pdf,,,,,,,,,arxiv2605.14406,
arxiv_2605.14759,Crys-JEPA Accelerating Crystal Discovery via Embedding Screening and Generative Refinement,2026,2605.14759,https://arxiv.org/abs/2605.14759,long_tail,arxiv_2605.14759_Crys-JEPA_Accelerating_Crystal_Discovery_via_Embedding_Screening_and_Generative_Refinement.pdf,corpus\papers\all\arxiv_2605.14759_Crys-JEPA_Accelerating_Crystal_Discovery_via_Embedding_Screening_and_Generative_Refinement.pdf,materials,generation,primary,,,,,,arxiv2605.14759,
arxiv_2605.15394,Representation Without Reward A JEPA Audit for LLM Fine-Tuning,2026,2605.15394,https://arxiv.org/abs/2605.15394,long_tail,arxiv_2605.15394_Representation_Without_Reward_A_JEPA_Audit_for_LLM_Fine-Tuning.pdf,corpus\papers\all\arxiv_2605.15394_Representation_Without_Reward_A_JEPA_Audit_for_LLM_Fine-Tuning.pdf,language,representation analysis,analysis,,,,,,arxiv2605.15394,
arxiv_2605.15466,Entity-Centric World Models Interaction-Aware Masking for Causal Video Prediction,2026,2605.15466,https://arxiv.org/abs/2605.15466,long_tail,arxiv_2605.15466_Entity-Centric_World_Models_Interaction-Aware_Masking_for_Causal_Video_Prediction.pdf,corpus\papers\all\arxiv_2605.15466_Entity-Centric_World_Models_Interaction-Aware_Masking_for_Causal_Video_Prediction.pdf,video,interaction-aware masking for causal video prediction,analysis,,,,,,arxiv2605.15466,
arxiv_2605.17165,Factorized Latent Dynamics for Video JEPA An Empirical Study of Auxiliary Objectives,2026,2605.17165,https://arxiv.org/abs/2605.17165,long_tail,arxiv_2605.17165_Factorized_Latent_Dynamics_for_Video_JEPA_An_Empirical_Study_of_Auxiliary_Objectives.pdf,corpus\papers\all\arxiv_2605.17165_Factorized_Latent_Dynamics_for_Video_JEPA_An_Empirical_Study_of_Auxiliary_Objectives.pdf,video,auxiliary objective study for video jepa,analysis,,,,,,arxiv2605.17165,
arxiv_2605.17671,PEIRA Learning Predictive Encoders through Inter-View Regressor Alignment,2026,2605.17671,https://arxiv.org/abs/2605.17671,long_tail,arxiv_2605.17671_PEIRA_Learning_Predictive_Encoders_through_Inter-View_Regressor_Alignment.pdf,corpus\papers\all\arxiv_2605.17671_PEIRA_Learning_Predictive_Encoders_through_Inter-View_Regressor_Alignment.pdf,,,,,,,,,arxiv2605.17671,
arxiv_2605.18419,Geometry-Aware Uncertainty Coresets for Robust Visual In-Context Learning in Histopathology,2026,2605.18419,https://arxiv.org/abs/2605.18419,long_tail,arxiv_2605.18419_Geometry-Aware_Uncertainty_Coresets_for_Robust_Visual_In-Context_Learning_in_Histopathology.pdf,corpus\papers\all\arxiv_2605.18419_Geometry-Aware_Uncertainty_Coresets_for_Robust_Visual_In-Context_Learning_in_Histopathology.pdf,,,,,,,,,arxiv2605.18419,
arxiv_2605.20811,Demo-JEPA Joint-Embedding Predictive Architecture for One-shot Cross-Embodiment Imitation,2026,2605.20811,https://arxiv.org/abs/2605.20811,long_tail,arxiv_2605.20811_Demo-JEPA_Joint-Embedding_Predictive_Architecture_for_One-shot_Cross-Embodiment_Imitation.pdf,corpus\papers\all\arxiv_2605.20811_Demo-JEPA_Joint-Embedding_Predictive_Architecture_for_One-shot_Cross-Embodiment_Imitation.pdf,robotics,policy learning,primary,,,,,,arxiv2605.20811,
arxiv_2605.21075,SpectralEarth-FM Bringing Hyperspectral Imagery into Multimodal Earth Observation Pretraining,2026,2605.21075,https://arxiv.org/abs/2605.21075,long_tail,arxiv_2605.21075_SpectralEarth-FM_Bringing_Hyperspectral_Imagery_into_Multimodal_Earth_Observation_Pretraining.pdf,corpus\papers\all\arxiv_2605.21075_SpectralEarth-FM_Bringing_Hyperspectral_Imagery_into_Multimodal_Earth_Observation_Pretraining.pdf,,,,,,,,,arxiv2605.21075,
arxiv_2605.21963,ChronoMedicalWorld A Medical World Model for Learning Patient Trajectories from Longitudinal Care Data,2026,2605.21963,https://arxiv.org/abs/2605.21963,long_tail,arxiv_2605.21963_ChronoMedicalWorld_A_Medical_World_Model_for_Learning_Patient_Trajectories_from_Longitudinal_Care_Data.pdf,corpus\papers\all\arxiv_2605.21963_ChronoMedicalWorld_A_Medical_World_Model_for_Learning_Patient_Trajectories_from_Longitudinal_Care_Data.pdf,,,,,,,,,arxiv2605.21963,
arxiv_2605.24631,Beyond Generative Priors Minority Sampling with JEPA-Guided Diffusion,2026,2605.24631,https://arxiv.org/abs/2605.24631,long_tail,arxiv_2605.24631_Beyond_Generative_Priors_Minority_Sampling_with_JEPA-Guided_Diffusion.pdf,corpus\papers\all\arxiv_2605.24631_Beyond_Generative_Priors_Minority_Sampling_with_JEPA-Guided_Diffusion.pdf,vision,generation,primary,,,,,,arxiv2605.24631,
arxiv_2605.25313,UWM-JEPA Predictive World Models That Imagine in Belief Space,2026,2605.25313,https://arxiv.org/abs/2605.25313,long_tail,arxiv_2605.25313_UWM-JEPA_Predictive_World_Models_That_Imagine_in_Belief_Space.pdf,corpus\papers\all\arxiv_2605.25313_UWM-JEPA_Predictive_World_Models_That_Imagine_in_Belief_Space.pdf,general,predictive world models in belief space,primary,,,,,,arxiv2605.25313,
arxiv_2605.31068,HQ-JEPA Hybrid Quantum Joint-Embedding Predictive Architecture for Cross-Modal Remote Sensing Representation Learning,2026,2605.31068,https://arxiv.org/abs/2605.31068,long_tail,arxiv_2605.31068_HQ-JEPA_Hybrid_Quantum_Joint-Embedding_Predictive_Architecture_for_Cross-Modal_Remote_Sensing_Representation_Learning.pdf,corpus\papers\all\arxiv_2605.31068_HQ-JEPA_Hybrid_Quantum_Joint-Embedding_Predictive_Architecture_for_Cross-Modal_Remote_Sensing_Representation_Learning.pdf,multimodal,representation learning,primary,,,,,,arxiv2605.31068,
arxiv_2605.31111,Subspace-Decomposed JEPAs Disentangling Progression and Content in Latent World Models,2026,2605.31111,https://arxiv.org/abs/2605.31111,long_tail,arxiv_2605.31111_Subspace-Decomposed_JEPAs_Disentangling_Progression_and_Content_in_Latent_World_Models.pdf,corpus\papers\all\arxiv_2605.31111_Subspace-Decomposed_JEPAs_Disentangling_Progression_and_Content_in_Latent_World_Models.pdf,vision,world model,primary,,,,,,arxiv2605.31111,
arxiv_2605.31580,Giving Sensors a Voice Multimodal JEPA for Semantic Time-Series Embeddings,2026,2605.31580,https://arxiv.org/abs/2605.31580,long_tail,arxiv_2605.31580_Giving_Sensors_a_Voice_Multimodal_JEPA_for_Semantic_Time-Series_Embeddings.pdf,corpus\papers\all\arxiv_2605.31580_Giving_Sensors_a_Voice_Multimodal_JEPA_for_Semantic_Time-Series_Embeddings.pdf,multimodal,representation learning,primary,,,,,,arxiv2605.31580,
unk_tutorial_on_joint_embedding_predictive_architectures_jepa_foundations_applications_and_future_directions,tutorial on joint embedding predictive architectures jepa foundations applications and future directions,,,,core,unk_tutorial_on_joint_embedding_predictive_architectures_jepa_foundations_applications_and_future_directions.pdf,corpus\papers\all\unk_tutorial_on_joint_embedding_predictive_architectures_jepa_foundations_applications_and_future_directions.pdf,general,tutorial and survey,secondary,,,,no_known_local_code,medium,unk_tutorial_on_joint_embedding_predictive_architectures_jepa_foundations_applications_and_future_directions,Local corpus contains paper coverage but no dedicated tutorial code archive
2020_neurips_2020_bootstrap_your_own_latent_a_new_approach_to_self_supervised_learning_paper_pdf,neurips 2020 bootstrap your own latent a new approach to self supervised learning paper pdf,2020,,,core,2020_neurips_2020_bootstrap_your_own_latent_a_new_approach_to_self_supervised_learning_paper_pdf.pdf,corpus\papers\all\2020_neurips_2020_bootstrap_your_own_latent_a_new_approach_to_self_supervised_learning_paper_pdf.pdf,vision,self-supervised representation learning baseline,secondary,,,,no_known_local_code,medium,2020_neurips_2020_bootstrap_your_own_latent_a_new_approach_to_self_supervised_learning_paper_pdf,No BYOL-specific local archive in metadata/code_index.csv
2022_a_path_towards_autonomous_machine_intelligence,a path towards autonomous machine intelligence,2022,,,core,2022_a_path_towards_autonomous_machine_intelligence.pdf,corpus\papers\all\2022_a_path_towards_autonomous_machine_intelligence.pdf,general,conceptual framing for world models,secondary,,,,no_known_local_code,medium,2022_a_path_towards_autonomous_machine_intelligence,Conceptual framing paper without a corresponding local implementation archive
2023_assran_self_supervised_learning_from_images_with_a_joint_embedding_predictive_architecture_cvpr_2023_paper,assran self supervised learning from images with a joint embedding predictive architecture cvpr 2023 paper,2023,,,core,2023_assran_self_supervised_learning_from_images_with_a_joint_embedding_predictive_architecture_cvpr_2023_paper.pdf,corpus\papers\all\2023_assran_self_supervised_learning_from_images_with_a_joint_embedding_predictive_architecture_cvpr_2023_paper.pdf,vision,self-supervised image representation learning,primary,ijepa_main,,,exact_local_match,high,2023_assran_self_supervised_learning_from_images_with_a_joint_embedding_predictive_architecture_cvpr_2023_paper,Local ijepa archive name and train script align with the I-JEPA paper
2023_mc_jepa_a_joint_embedding_predictive_architecture_for_self_supervised_learning_of_motion_and_content_features,mc jepa a joint embedding predictive architecture for self supervised learning of motion and content features,2023,,,core,2023_mc_jepa_a_joint_embedding_predictive_architecture_for_self_supervised_learning_of_motion_and_content_features.pdf,corpus\papers\all\2023_mc_jepa_a_joint_embedding_predictive_architecture_for_self_supervised_learning_of_motion_and_content_features.pdf,video,motion and content representation learning,primary,,,,multiple_local_candidates,low,2023_mc_jepa_a_joint_embedding_predictive_architecture_for_self_supervised_learning_of_motion_and_content_features,Possible family-level overlap with eb_jepa_main or h_jepa_main but no exact confirmed match yet
2025_audio_jepa_joint_embedding_predictive_architecture_for_audio_representation_learning,audio jepa joint embedding predictive architecture for audio representation learning,2025,,,core,2025_audio_jepa_joint_embedding_predictive_architecture_for_audio_representation_learning.pdf,corpus\papers\all\2025_audio_jepa_joint_embedding_predictive_architecture_for_audio_representation_learning.pdf,audio,audio representation learning,primary,,,,no_known_local_code,medium,2025_audio_jepa_joint_embedding_predictive_architecture_for_audio_representation_learning,No audio-specific JEPA archive is currently indexed locally
2025_v_jepa_2_self_supervised_video_models_enable_understanding_prediction_and_planning,v jepa 2 self supervised video models enable understanding prediction and planning,2025,,,core,2025_v_jepa_2_self_supervised_video_models_enable_understanding_prediction_and_planning.pdf,corpus\papers\all\2025_v_jepa_2_self_supervised_video_models_enable_understanding_prediction_and_planning.pdf,video,video understanding prediction and planning,primary,jepa_main,,,family_match_only,medium,2025_v_jepa_2_self_supervised_video_models_enable_understanding_prediction_and_planning,Local archive contains a V-JEPA training path but direct version match to V-JEPA-2 is not confirmed
2026_parallel_stochastic_gradient_based_planning_for_world_models,parallel stochastic gradient based planning for world models,2026,,,core,2026_parallel_stochastic_gradient_based_planning_for_world_models.pdf,corpus\papers\all\2026_parallel_stochastic_gradient_based_planning_for_world_models.pdf,general,planning for world models,secondary,,,,no_known_local_code,medium,2026_parallel_stochastic_gradient_based_planning_for_world_models,Planning paper has no dedicated local code archive indexed yet
2026_rectified_lpjepa_joint_embedding_predictive_architectures_with_sparse_and_maximum_entropy_representations,rectified lpjepa joint embedding predictive architectures with sparse and maximum entropy representations,2026,,,core,2026_rectified_lpjepa_joint_embedding_predictive_architectures_with_sparse_and_maximum_entropy_representations.pdf,corpus\papers\all\2026_rectified_lpjepa_joint_embedding_predictive_architectures_with_sparse_and_maximum_entropy_representations.pdf,general,predictive representation learning variants,primary,lejepa_main,,,family_match_only,low,2026_rectified_lpjepa_joint_embedding_predictive_architectures_with_sparse_and_maximum_entropy_representations,LeJEPA archive may be method-family relevant but rectified LpJEPA equivalence is unconfirmed
2026_thinkjepa_empowering_latent_world_models_with_large_vision_language_reasoning_model,thinkjepa empowering latent world models with large vision language reasoning model,2026,,,core,2026_thinkjepa_empowering_latent_world_models_with_large_vision_language_reasoning_model.pdf,corpus\papers\all\2026_thinkjepa_empowering_latent_world_models_with_large_vision_language_reasoning_model.pdf,multimodal,latent world model reasoning,primary,,,,no_known_local_code,medium,2026_thinkjepa_empowering_latent_world_models_with_large_vision_language_reasoning_model,No local archive clearly matches ThinkJEPA
2026_v_jepa2_1_unlocking_dense_features_in_video,v jepa2 1 unlocking dense features in video,2026,,,core,2026_v_jepa2_1_unlocking_dense_features_in_video.pdf,corpus\papers\all\2026_v_jepa2_1_unlocking_dense_features_in_video.pdf,video,dense video feature learning,primary,,,,multiple_local_candidates,low,2026_v_jepa2_1_unlocking_dense_features_in_video,Both jepa_main and jepa_main2 appear V-JEPA-related but neither is confirmed as the V-JEPA2.1 implementation
